CellID,Person_field,location,site,transect,transect_note,Type,plotID,plot_note,gpsID,GPStype1,Lat1,Long1,FieldDescription,Vegetation,LGR_description,Date_True,Start_time,End_time,Duration_(min),CH4_trend,CO2_trend,-10cm_SoilTemp_C,AirTemp_C,WaterDepth_cm,CHAMBER,Sample ID,CH4  μmol m^-2 s^-1,±,r value,mg CH4 m-2 d-1
1,"Katey, Peter, Jorgen, Anders",Nome,WC,1,WC_T1_newBeaverDam,terrestrial,1,,318,318,64.59426046,-165.6718979,Lots of springs in this area,"Sphagnum, blueberry, carex, lichen",2021_micro,8/3/25,17:38:18,17:40:18,0:02:00,↑,↑,"Peter collected soil temp & VWC at all sites (except K66 control on 8/7/25, which was Mike Loranty & June",18,,"mini_KateyFAI_first time colvered with AL foil (by Kaj and Jackie), so CO2 is dark respiration",2025_08_03_17h38m18s_WC_T1_newBeaverDam_CH4,0.0037,0.000184998643,0.9606666514,5.090029647
2,"Katey, Peter, Jorgen, Anders",Nome,WC,1,WC_T1_newBeaverDam,terrestrial,2,,319,319,64.59416072,-165.672127,,,2021_micro,8/3/25,17:49:01,17:51:01,0:02:00,,,Mike Loranty is entering all auxilary field data and mapping landscape units BEFORE Katey gives him the CH4 data.,18,,"mini_KateyFAI_first time colvered with AL foil (by Kaj and Jackie), so CO2 is dark respiration",2025_08_03_17h49m01s_WC_T1_newBeaverDam_CH4,0.0027,0.0001523814803,0.9333208718,3.799672664
3,"Katey, Peter, Jorgen, Anders",Nome,WC,1,WC_T1_newBeaverDam,terrestrial,2,didn't lift,319,319,64.59416072,-165.672127,,,2021_micro,8/3/25,17:51:01,17:52:22,0:01:21,"↓, good one",,,18,,"mini_KateyFAI_first time colvered with AL foil (by Kaj and Jackie), so CO2 is dark respiration",2025_08_03_17h51m01s_WC_T1_newBeaverDam_CH4,0.0007,0.000041756578,0.9320993532,1.023282621
4,"Katey, Peter, Jorgen, Anders",Nome,WC,1,WC_T1_newBeaverDam,terrestrial,3,,320,320,64.59406097,-165.6723213,,"lichen, carex, blueberry, sphagnum, betula nana",2021_micro,8/3/25,17:57:25,17:59:25,0:02:00,↑,,,18,,"mini_KateyFAI_first time colvered with AL foil (by Kaj and Jackie), so CO2 is dark respiration",2025_08_03_17h57m25s_WC_T1_newBeaverDam_CH4,0.0008,0.0000463258205,0.9380541597,1.136036042
5,"Katey, Peter, Jorgen, Anders",Nome,WC,1,WC_T1_newBeaverDam,terrestrial,4,,321,321,64.59378211,-165.6728843,,,2021_micro,8/3/25,18:02:07,18:04:07,0:02:00,↑,↑,,18,,"mini_KateyFAI_first time colvered with AL foil (by Kaj and Jackie), so CO2 is dark respiration",2025_08_03_18h02m07s_WC_T1_newBeaverDam_CH4,0.0075,0.0003969219699,0.9383299343,10.37161758
6,"Katey, Peter, Jorgen, Anders",Nome,WC,1,WC_T1_newBeaverDam,terrestrial,5,,322,322,64.59348162,-165.6734254,,carex,2021_micro,8/3/25,18:09:21,18:11:21,0:02:00,,,,18,,"mini_KateyFAI_first time colvered with AL foil (by Kaj and Jackie), so CO2 is dark respiration",,0.0000,#DIV/0!,0.6772061408,0
7,"Katey, Peter, Jorgen, Anders",Nome,WC,1,WC_T1_newBeaverDam,terrestrial,6,,323,323,64.59335086,-165.6736455,,"carex, moss",2021_micro,8/3/25,18:15:20,18:18:20,0:03:00,↑,↕,,18,,"mini_KateyFAI_first time colvered with AL foil (by Kaj and Jackie), so CO2 is dark respiration",2025_08_03_18h15m20s_WC_T1_newBeaverDam_CH4,0.0048,0.0002478443741,0.9602837509,6.65405247
8,"Katey, Peter, Jorgen, Anders",Nome,WC,1,WC_T1_newBeaverDam,terrestrial,7,,324,324,64.59334524,-165.6736145,,wet sphagnum,2021_micro,8/3/25,18:19:20,18:21:20,0:02:00,↑,↑,,18,,"mini_KateyFAI_first time colvered with AL foil (by Kaj and Jackie), so CO2 is dark respiration",2025_08_03_18h19m20s_WC_T1_newBeaverDam_CH4,0.3604,0.01631144516,0.9902544866,499.4542666
9,"Katey, Peter, Jorgen, Anders",Nome,WC,1,WC_T1_newBeaverDam,terrestrial,8,,325,325,64.59327308,-165.6736614,,"carex, flooded impetrum",2021_micro,8/3/25,18:26:11,18:27:00,0:00:49,"↑, wind",↑,,18,,"mini_KateyFAI_first time colvered with AL foil (by Kaj and Jackie), so CO2 is dark respiration",2025_08_03_18h26m11s_WC_T1_newBeaverDam_CH4,0.1715,0.01219793303,0.8777417266,237.6171395
10,"Katey, Peter, Jorgen, Anders",Nome,WC,1,WC_T1_newBeaverDam,terrestrial,8,8 redo,325,325,64.59327308,-165.6736614,,flooding tundra,2021_micro,8/3/25,18:27:55,18:30:20,0:02:25,↑,↑,,18,,"mini_KateyFAI_first time colvered with AL foil (by Kaj and Jackie), so CO2 is dark respiration",2025_08_03_18h27m55s_WC_T1_newBeaverDam_CH4,0.0247,0.001224558606,0.9604857993,34.20273253
11,"Katey, Peter, Jorgen, Anders",Nome,WC,2,WC_T2_OldPartiallyDrainedBeaverPond,terrestrial,9,,326,326,64.59449952,-165.6766139,,"carex, H2O track",2021_micro,8/3/25,18:38:10,18:40:00,0:01:50,,,,18,,"mini_KateyFAI_first time colvered with AL foil (by Kaj and Jackie), so CO2 is dark respiration",2025_08_03_18h38m10s_WC_T2_OldPartiallyDrainedBeaverPond_CH4,0.1725,0.008222843607,0.9633527056,238.9945005
12,"Katey, Peter, Jorgen, Anders",Nome,WC,2,WC_T2_OldPartiallyDrainedBeaverPond,terrestrial,10,,327,327,64.59478215,-165.6764496,,"sedge, TK",2021_micro,8/3/25,18:42:45,18:45:20,0:02:35,↑,↑,,18,,"mini_KateyFAI_first time colvered with AL foil (by Kaj and Jackie), so CO2 is dark respiration",2025_08_03_18h42m45s_WC_T2_OldPartiallyDrainedBeaverPond_CH4,0.0788,0.003596726279,0.9908838719,109.2459382
13,"Katey, Peter, Jorgen, Anders",Nome,WC,2,WC_T2_OldPartiallyDrainedBeaverPond,terrestrial,11,paired,328,328,64.59515138,-165.6760471,,tundra hump (island/palsa? of intact drier shrubby tundra vegetation surrounded by subsided wet meadows/water tracks),2021_micro,8/3/25,18:49:22,18:50:00,0:00:38,"↑, wind",,,18,,"mini_KateyFAI_first time colvered with AL foil (by Kaj and Jackie), so CO2 is dark respiration",,,,,
14,"Katey, Peter, Jorgen, Anders",Nome,WC,2,WC_T2_OldPartiallyDrainedBeaverPond,terrestrial,12,paired,329,329,64.59514149,-165.6760454,,carex TK,2021_micro,8/3/25,18:51:20,18:53:20,0:02:00,↑,↑,,18,,"mini_KateyFAI_first time colvered with AL foil (by Kaj and Jackie), so CO2 is dark respiration",2025_08_03_18h51m20s_WC_T2_OldPartiallyDrainedBeaverPond_CH4,0.0225,0.001001082889,0.9900250901,31.15322146
15,"Katey, Peter, Jorgen, Anders",Nome,WC,2,WC_T2_OldPartiallyDrainedBeaverPond,terrestrial,13,,330,330,64.59543343,-165.6757571,,carex TK,2021_micro,8/3/25,18:55:15,18:57:15,0:02:00,↑,↑,,18,,"mini_KateyFAI_first time colvered with AL foil (by Kaj and Jackie), so CO2 is dark respiration",2025_08_03_18h55m15s_WC_T2_OldPartiallyDrainedBeaverPond_CH4,0.0163,0.0007226372648,0.9922186031,22.59958318
16,"Katey, Peter, Jorgen, Anders",Nome,WC,2,WC_T2_OldPartiallyDrainedBeaverPond,terrestrial,14,paired,331,331,64.5957138,-165.6753419,,"betula nana, carex",2021_micro,8/3/25,18:58:54,19:01:54,0:03:00,↑,,,18,,"mini_KateyFAI_first time colvered with AL foil (by Kaj and Jackie), so CO2 is dark respiration",2025_08_03_18h58m54s_WC_T2_OldPartiallyDrainedBeaverPond_CH4,0.0012,0.00007656709488,0.9017557957,1.594082994
17,"Katey, Peter, Jorgen, Anders",Nome,WC,2,WC_T2_OldPartiallyDrainedBeaverPond,terrestrial,15,paired,332,332,64.59571975,-165.6753188,,"carex, dried sphagnum, impetrum, shrubs, near stream bluff so it is well drained",2021_micro,,19:03:22,19:06:22,0:03:00,↓,↑,,18,,"mini_KateyFAI_first time colvered with AL foil (by Kaj and Jackie), so CO2 is dark respiration",2025_08_03_19h03m22s_WC_T2_OldPartiallyDrainedBeaverPond_CH4,-0.0011,0.0000503105736,0.9605218749,-1.491554242
20,"Katey, Peter, Jorgen, Anders",Nome,WC,1,WC_T0contol/T1,terrestrial,16,,333,333,64.59303537,-165.673084,,,2021_micro,8/4/25,14:36:30,14:39:00,0:02:30,↑,↑,,18,,mini_KateyFAI_Alfoil_darkrespiration,,,,,
21,"Katey, Peter, Jorgen, Anders",Nome,WC,1,WC_T0contol/T1,terrestrial,17,,334,334,64.59294182,-165.6731826,,"sphagnum, willow, carex",2021_micro,8/4/25,14:40:30,14:42:30,0:02:00,↑,↑,,18,,mini_KateyFAI_Alfoil_darkrespiration,,,,,
22,"Katey, Peter, Jorgen, Anders",Nome,WC,1,WC_T0contol/T1,terrestrial,18,,335,335,64.59281517,-165.6734199,,"carex, wet moss",2021_micro,8/4/25,14:46:30,14:48:30,0:02:00,↑,↑,,18,,mini_KateyFAI_Alfoil_darkrespiration,,,,,
23,"Katey, Peter, Jorgen, Anders",Nome,WC,2,WC_T2_OldPartiallyDrainedBeaverPond,terrestrial,19,,336,336,64.59382393,-165.6774904,,"mud flat, drained pond",2021_micro,8/4/25,15:05:06,15:07:06,0:02:00,↑,,,18,,mini_KateyFAI_Alfoil_darkrespiration,2025_08_04_15h05m06s_WC_T2_OldPartiallyDrainedBeaverPond_CH4,0.0146,0.0006729493392,0.9732513435,20.17851412
24,"Katey, Peter, Jorgen, Anders",Nome,WC,2,WC_T2_OldPartiallyDrainedBeaverPond,terrestrial,20,,337,337,64.5938925,-165.6773404,,mud,2021_micro,8/4/25,15:12:44,15:14:44,0:02:00,↑,↑,,18,,mini_KateyFAI_Alfoil_darkrespiration,2025_08_04_15h12m44s_WC_T2_OldPartiallyDrainedBeaverPond_CH4,0.0402,0.001966296817,0.9604065363,55.73189616
25,"Katey, Peter, Jorgen, Anders",Nome,WC,2,WC_T2_OldPartiallyDrainedBeaverPond,terrestrial,21,,338,338,64.59393005,-165.6773339,,dam,2021_micro,8/4/25,15:17:30,15:18:20,0:00:50,↑,↑,,18,,mini_KateyFAI_Alfoil_darkrespiration,2025_08_04_15h17m30s_WC_T2_OldPartiallyDrainedBeaverPond_CH4,0.0212,0.001558879293,0.857913202,29.34494953
26,"Katey, Peter, Jorgen, Anders",Nome,WC,2,WC_T2_OldPartiallyDrainedBeaverPond,terrestrial,22,,339,339,64.59391287,-165.6773303,,dam,2021_micro,8/4/25,15:20:10,15:22:00,0:01:50,↑,↑,,18,,mini_KateyFAI_Alfoil_darkrespiration,2025_08_04_15h20m10s_WC_T2_OldPartiallyDrainedBeaverPond_CH4,0.0051,0.00025839792,0.9362656081,7.11268561
27,"Katey, Peter, Jorgen, Anders",Nome,WC,2,WC_T2_OldPartiallyDrainedBeaverPond,terrestrial,23,,340,340,64.59406718,-165.6772899,,carex,2021_micro,8/4/25,15:24:30,15:26:12,0:01:42,↑,↑,,18,,mini_KateyFAI_Alfoil_darkrespiration,2025_08_04_15h24m30s_WC_T2_OldPartiallyDrainedBeaverPond_CH4,0.0793,0.003576948569,0.9900004781,109.9310816
28,"Katey, Peter, Jorgen, Anders",Nome,WC,2,WC_T2_OldPartiallyDrainedBeaverPond,terrestrial,24,,341,341,64.59417748,-165.6771602,,,2021_micro,8/4/25,15:28:18,15:30:18,0:02:00,↑,↑,,18,,mini_KateyFAI_Alfoil_darkrespiration,2025_08_04_15h28m18s_WC_T2_OldPartiallyDrainedBeaverPond_CH4,0.1146,0.005007711074,0.9990752692,158.8790727
29,"Katey, Peter, Jorgen, Anders",Nome,WC,2,WC_T2_OldPartiallyDrainedBeaverPond,terrestrial,25,,342,342,64.59424982,-165.6769983,,dry tundra,2021_micro,8/4/25,15:31:35,15:33:45,0:02:10,↑,↑,,18,,mini_KateyFAI_Alfoil_darkrespiration,2025_08_04_15h31m35s_WC_T2_OldPartiallyDrainedBeaverPond_CH4,0.0008,0.00003991217908,0.9491501831,1.148574701
30,"Katey, Peter, Jorgen, Anders",Nome,WC,2,WC_T2_OldPartiallyDrainedBeaverPond,terrestrial,26,,343,343,64.59440648,-165.6767708,,,2021_micro,8/4/25,15:36:25,15:38:00,0:01:35,↓,↑,,18,,mini_KateyFAI_Alfoil_darkrespiration,2025_08_04_15h36m25s_WC_T2_OldPartiallyDrainedBeaverPond_CH4,-0.0007,0.00005801896022,0.8142283044,-1.021070677
33,"Katey, Peter, Jorgen, Anders",Nome,WC,1,WC_T1,aquatic,27,,,,,,pin flags hit ice at bottom of pond!! Wpts 27-30 = terrestrial tundra below H2O (recent flooding),"OW, sedge, willow",2021_micro,8/4/25,16:11:00,16:13:00,0:02:00,↑,---,,19,,white floating chamber,2025_08_04_16h11m00s_WC_T1_CH4,0.0166,0.002868304687,0.9604893889,23.07029827
34,"Katey, Peter, Jorgen, Anders",Nome,WC,1,WC_T1,aquatic,28,,,,,,,black OW,2021_micro,8/4/25,16:13:30,16:15:30,0:02:00,↑,↑,,19,,white floating chamber,2025_08_04_16h13m30s_WC_T1_CH4,0.0062,0.001317173576,0.9620324532,8.53627163
35,"Katey, Peter, Jorgen, Anders",Nome,WC,1,WC_T1,aquatic,29,,,,,,,"OW above submerged impetrum, lichen",2021_micro,8/4/25,16:19:16,16:21:16,0:02:00,↑,↑,,19,,white floating chamber,2025_08_04_16h19m16s_WC_T1_CH4,0.0174,0.004014424639,0.9603069185,24.09453941
36,"Katey, Peter, Jorgen, Anders",Nome,WC,1,WC_T1,aquatic,30,,,,,,,OW carex,2021_micro,8/4/25,16:22:18,16:24:30,0:02:12,↑,---,,19,,white floating chamber,2025_08_04_16h22m18s_WC_T1_CH4,0.0468,0.008597953459,0.9619199295,64.88124527
37,"Katey, Peter, Jorgen, Anders",Nome,WC,1,WC_T1,aquatic,31,,,,,,,OW,2021_micro,8/4/25,16:25:23,16:27:43,0:02:20,↑,↑,,19,,white floating chamber,2025_08_04_16h25m23s_WC_T1_CH4,0.0135,0.002944370816,0.962354761,18.68535359
38,"Katey, Peter, Jorgen, Anders",Nome,WC,1,WC_T1,aquatic,32,,,,,,,OW carex,2021_micro,8/4/25,16:30:05,bubble,#VALUE!,↑,↑,,19,,white floating chamber,,,,,
41,"Katey, Peter, Jorgen, Anders",Nome,WC,1,WC_T1,aquatic,,,344,344,64.59297443,-165.6748812,"In boat, behind dam ~1m, good current in pond",,,8/4/25,17:12:51,17:14:51,0:02:00,↑,↑,,19,,white floating chamber,2025_08_04_17h12m51s_WC_T1_CH4,0.0147,0.00351039875,0.9609915471,20.33208804
42,"Katey, Peter, Jorgen, Anders",Nome,WC,1,WC_T1,aquatic,,,345,345,64.59287141,-165.6750645,"OW, grass among flooded willows",,,8/4/25,17:17:02,17:18:41,0:01:39,↑,↓,,19,,white floating chamber,2025_08_04_17h17m02s_WC_T1_CH4,0.0031,0.0006163727019,0.9310105511,4.289214571
43,"Katey, Peter, Jorgen, Anders",Nome,WC,1,WC_T1,aquatic,,,346,346,64.59269858,-165.6753758,"OW, grass flooded near willows",,,8/4/25,17:21:05,17:22:30,0:01:25,↑,,,19,,white floating chamber,2025_08_04_17h21m05s_WC_T1_CH4,0.0111,0.002751413662,0.9034858634,15.34145991
44,"Katey, Peter, Jorgen, Anders",Nome,WC,1,WC_T1,aquatic,,,"347, 348",348,64.5930041,-165.675813,OW behind house,,,8/4/25,17:24:30,17:26:30,0:02:00,↑,↑,,19,,white floating chamber,2025_08_04_17h24m30s_WC_T1_CH4,0.0064,0.001559358076,0.9671133409,8.845109109
45,"Katey, Peter, Jorgen, Anders",Nome,WC,2,WC_T2_OldPartiallyDrainedBeaverPond,aquatic,,,349,349,64.59338238,-165.677322,,Partially drained pond,,8/4/25,17:34:48,17:37:17,0:02:29,↑,↑,,19,,white floating chamber,2025_08_04_17h34m48s_WC_T2_OldPartiallyDrainedBeaverPond_CH4,0.0234,0.005721925239,0.9790703682,32.49581201
46,"Katey, Peter, Jorgen, Anders",Nome,WC,2,WC_T2_OldPartiallyDrainedBeaverPond,aquatic,,,350,350,64.59340677,-165.677643,"OW by lodge, over flooded sticks",,,8/4/25,17:40:40,17:42:40,0:02:00,↑,↑,,19,,white floating chamber,2025_08_04_17h40m40s_WC_T2_OldPartiallyDrainedBeaverPond_CH4,0.0097,0.002125684931,0.9602639561,13.45109867
47,"Katey, Peter, Jorgen, Anders",Nome,WC,2,WC_T2_OldPartiallyDrainedBeaverPond,aquatic,,,351,350,64.59352445,-165.6776036,1-m from lodge,,,8/4/25,17:43:40,17:45:40,0:02:00,,,,19,,white floating chamber,2025_08_04_17h43m40s_WC_T2_OldPartiallyDrainedBeaverPond_CH4,0.0149,0.003494712224,0.901361612,20.71696688
48,"Katey, Peter, Jorgen, Anders",Nome,WC,2,WC_T2_OldPartiallyDrainedBeaverPond,aquatic,,,352,"351, 352 by lodge",64.59352361,-165.6775973,4m from lodge,,,8/4/25,17:47:00,17:48:20,0:01:20,↑,↑,,19,,white floating chamber,2025_08_04_17h47m00s_WC_T2_OldPartiallyDrainedBeaverPond_CH4,0.0171,0.004218220027,0.9308288569,23.70234135
49,"Katey, Peter, Jorgen, Anders",Nome,WC,2,WC_T2_OldPartiallyDrainedBeaverPond,aquatic,,,353,353,64.59345723,-165.6778738,OW by dead willows,,,8/4/25,17:50:23,17:52:23,0:02:00,,,,19,,white floating chamber,2025_08_04_17h50m23s_WC_T2_OldPartiallyDrainedBeaverPond_CH4,0.0024,0.0005915308259,0.9610281376,3.350742424
50,"Katey, Peter, Jorgen, Anders",Nome,WC,0,Willow Creek ,aquatic,,,354,"354, 355",64.59333452,-165.6781098,OW w side channel,,,8/4/25,17:55:40,17:59:40,0:04:00,,,,19,,white floating chamber,2025_08_04_17h55m40s_Willow Creek _CH4,0.0079,0.001921165254,0.9605886634,10.88275998
51,"Katey, Peter, Jorgen, Anders",Nome,WC,0,Willow Creek ,aquatic,,,355,"354, 355 (redo)",64.59338908,-165.6780776,,,,8/4/25,17:58:10,18:00:00,0:01:50,,,,19,,white floating chamber,2025_08_04_17h58m10s_Willow Creek _CH4,0.0086,0.002108223264,0.9615774678,11.93138955
52,"Katey, Peter, Jorgen, Anders",Nome,WC,0,Willow Creek ,aquatic,,,356,356 trap at lodge,64.5934159,-165.6775722,,,,8/4/25,,,,,,,,,,,,,,
53,"Katey, Peter, Jorgen, Anders",Nome,WC,0,Willow Creek ,aquatic,,,357,"357, Jorgen O2 site 1 & bubble trap",64.59380063,-165.6774851,,,,8/4/25,,,,,,,,,,,,,,
54,"Katey, Peter, Jorgen, Anders",Nome,WC,0,Willow Creek ,aquatic,,,358,"358, Jorgen O2 site 2 & trap",64.59378504,-165.6774184,,,,8/4/25,,,,,,,,,,,,,,
57,"Katey, Peter, Jorgen, Anders",Nome,K31 ,3,3,terrestrial,32,,359,359,64.88739389,-165.2337061,"Rocky, boulders, freshwater springs filling kettle-type pond depressions on hillslope",grass,,8/5/25,12:03:20,12:04:30,0:01:10,false spike (see uptake note below),,,19,,mini_KateyFAI_Alfoil_darkrespiration,2025_08_05_12h03m20s_K31_KougarokRdMile31_CH4,0.0055,0.0004470502082,0.810392165,7.584877906
58,"Katey, Peter, Jorgen, Anders",Nome,K31 ,3,3,terrestrial,32,"redo, didn't lift",,Katey's Garmin GPS,,,,,,8/5/25,12:06:17,12:08:17,0:02:00,"↓, spike when placed, then uptake, USE uptake",↑,,19,,mini_KateyFAI_Alfoil_darkrespiration,2025_08_05_12h06m17s_K31_KougarokRdMile31_CH4,-0.0012,0.00005420273988,0.968752144,-1.610866705
59,"Katey, Peter, Jorgen, Anders",Nome,K31 ,3,3,terrestrial,33,,360,360,64.88715568,-165.2335399,,"lichen, cranberry",,8/5/25,12:10:43,12:11:43,0:01:00,↑,↑,,19,,mini_KateyFAI_Alfoil_darkrespiration,2025_08_05_12h10m43s_K31_KougarokRdMile31_CH4,0.0110,0.0005650394104,0.9617557991,15.29826222
60,"Katey, Peter, Jorgen, Anders",Nome,K31 ,3,3,terrestrial,34,,361,361,64.88686399,-165.2333997,,,,8/5/25,12:16:22,12:19:00,0:02:38,--/↑,↑,,19,,mini_KateyFAI_Alfoil_darkrespiration,2025_08_05_12h16m22s_K31_KougarokRdMile31_CH4,-0.0005,0.00004172595737,0.7306124293,-0.6405238522
61,"Katey, Peter, Jorgen, Anders",Nome,K31 ,3,3,terrestrial,34,didn't lift,,,,,,,,8/5/25,12:17:00,12:19:00,0:02:00,--/↓,,,19,,mini_KateyFAI_Alfoil_darkrespiration,,0.0000,#DIV/0!,0.6702378712,0
62,"Katey, Peter, Jorgen, Anders",Nome,K31 ,3,3,terrestrial,35,,362,362,64.88686298,-165.2333907,,rock circle,,8/5/25,12:20:13,12:22:13,0:02:00,--/↑,,,19,,mini_KateyFAI_Alfoil_darkrespiration,2025_08_05_12h20m13s_K31_KougarokRdMile31_CH4,0.0063,0.0004984371087,0.8402248965,8.68645362
63,"Katey, Peter, Jorgen, Anders",Nome,K31 ,3,3,terrestrial,36,,363,363,64.8866023,-165.2331265,,"thin soil, veg on rocks",,8/5/25,12:25:15,12:26:50,0:01:35,--/↑,,,19,,mini_KateyFAI_Alfoil_darkrespiration,2025_08_05_12h25m15s_K31_KougarokRdMile31_CH4,-0.0015,0.00009776200726,0.9000609565,-2.122377121
64,"Katey, Peter, Jorgen, Anders",Nome,K31 ,3,3,terrestrial,36,didn't lift,,,,,,"thin soil, veg on rocks",,8/5/25,12:26:00,12:26:50,0:00:50,↓,↑,,19,,mini_KateyFAI_Alfoil_darkrespiration,,0.0000,#DIV/0!,0.3178032696,0
65,"Katey, Peter, Jorgen, Anders",Nome,K31 ,3,3,terrestrial,37,,364,364,64.88644095,-165.2328858,,"moist, few carex",,8/5/25,12:29:15,12:31:15,0:02:00,↑,↑,,19,,mini_KateyFAI_Alfoil_darkrespiration,2025_08_05_12h29m15s_K31_KougarokRdMile31_CH4,0.0072,0.0003198098787,0.9900132228,9.935036705
66,"Katey, Peter, Jorgen, Anders",Nome,K31 ,3,3,terrestrial,38,,365,365,64.8861475,-165.2329198,,"moist, sphagnum, liverworts",,8/5/25,12:33:30,12:35:30,0:02:00,↑,↑,,19,,mini_KateyFAI_Alfoil_darkrespiration,2025_08_05_12h33m30s_K31_KougarokRdMile31_CH4,0.0083,0.0003669387564,0.9941807111,11.52079364
67,"Katey, Peter, Jorgen, Anders",Nome,K31 ,3,3,terrestrial,39,,386,386,64.88603996,-165.2328596,,"1 cm H2O, sphagnum, carex",,8/5/25,12:38:04,12:40:04,0:02:00,↑,↑,,19,,mini_KateyFAI_Alfoil_darkrespiration,2025_08_05_12h38m04s_K31_KougarokRdMile31_CH4,0.0254,0.00110987792,0.998742919,35.20610135
68,"Katey, Peter, Jorgen, Anders",Nome,K31 ,3,3,terrestrial,40,,387,387,64.8858911,-165.2328557,,"beneath willows, bearberry, grass, horsetail",,8/5/25,12:41:15,12:43:15,0:02:00,↓,↑,,19,,mini_KateyFAI_Alfoil_darkrespiration,2025_08_05_12h41m15s_K31_KougarokRdMile31_CH4,-0.0014,0.00005999120053,0.993728863,-1.882177291
69,"Katey, Peter, Jorgen, Anders",Nome,K31 ,3,3,terrestrial,41,,388,388,64.88584081,-165.2328072,,creek,,8/5/25,12:47:30,12:48:20,0:00:50,↑,↓,,19,,mini_KateyFAI_Alfoil_darkrespiration,2025_08_05_12h47m30s_K31_KougarokRdMile31_CH4,0.0365,0.003944902309,0.697454936,50.61134835
70,"Katey, Peter, Jorgen, Anders",Nome,K31 ,3,3,terrestrial,41,redo,,,,,,creek,,8/5/25,12:49:40,12:51:20,0:01:40,↑,--,,19,,mini_KateyFAI_Alfoil_darkrespiration,2025_08_05_12h49m40s_K31_KougarokRdMile31_CH4,0.0172,0.001434948351,0.8109755206,23.7835389
71,"Katey, Peter, Jorgen, Anders",Nome,K31 ,3,3,terrestrial,42,,389,389,64.88578809,-165.2327719,,"other side of channel, grass, shrubs",,8/5/25,12:53:03,12:55:03,0:02:00,↑,↑,,19,,mini_KateyFAI_Alfoil_darkrespiration,2025_08_05_12h53m03s_K31_KougarokRdMile31_CH4,0.0496,0.002190754242,0.9943340631,68.80230427
72,"Katey, Peter, Jorgen, Anders",Nome,K31 ,3,3,terrestrial,43,,390,390,64.88569647,-165.2327958,,"sedge, H2O",,8/5/25,12:55:56,12:56:58,0:01:02,↑,,,19,,mini_KateyFAI_Alfoil_darkrespiration,2025_08_05_12h55m56s_K31_KougarokRdMile31_CH4,0.1651,0.007537119756,0.990038397,228.7840192
73,"Katey, Peter, Jorgen, Anders",Nome,K31 ,3,3,terrestrial,44,,391,391,64.88557745,-165.2327172,,"sedge, moss",,8/5/25,12:58:23,13:00:23,0:02:00,↑,↑,,19,,mini_KateyFAI_Alfoil_darkrespiration,2025_08_05_12h58m23s_K31_KougarokRdMile31_CH4,0.0251,0.001100876421,0.9967831662,34.77254937
76,Katey,Nome,K31 ,2,2,terrestrial,45,,385,385,64.88490664,-165.2371352,,1.1 m active layerat flooding edge (measured by Sebastian); flooded blueberry island,,8/5/25,13:34:06,13:37:06,0:03:00,↑,↑,,19,,mini_KateyFAI_Alfoil_darkrespiration,2025_08_05_13h34m06s_New pond_CH4,0.0064,0.0003339371391,0.9621589142,8.882213381
77,Katey,Nome,K31 ,2,2,terrestrial,45,didn't lift,,,,,,flooded blueberry island,,8/5/25,13:35:04,13:37:06,0:02:02,↑,↑,,19,,mini_KateyFAI_Alfoil_darkrespiration,2025_08_05_13h35m04s_New pond_CH4,0.0064,0.0003339418024,0.9621589142,8.882213381
78,Katey,Nome,K31 ,2,2,terrestrial,46,,366,366,64.88496934,-165.2370513,,equisetum,,8/5/25,13:37:55,13:39:55,0:02:00,↑,↑,,19,,mini_KateyFAI_Alfoil_darkrespiration,2025_08_05_13h37m55s_New pond_CH4,0.0005,0.00002763643986,0.9326603545,0.7555164333
79,Katey,Nome,K31 ,2,2,terrestrial,47,,367,367,64.88515307,-165.2372231,,equisetum,,8/5/25,13:40:35,13:42:35,0:02:00,↓,↑,,19,,mini_KateyFAI_Alfoil_darkrespiration,2025_08_05_13h40m35s_New pond_CH4,-0.0014,0.00006375479111,0.9831327101,-1.954954433
80,Katey,Nome,K31 ,2,2,terrestrial,48,,368,368,64.88535767,-165.2374186,,,,8/5/25,13:43:18,13:45:18,0:02:00,↑,↑,,19,,mini_KateyFAI_Alfoil_darkrespiration,2025_08_05_13h43m18s_New pond_CH4,0.0017,0.00008242443544,0.9610153954,2.302895308
81,Katey,Nome,K31 ,2,2,terrestrial,49,,369,369,64.88549254,-165.237546,,lichen,,8/5/25,13:46:30,13:48:30,0:02:00,↓,↑,,19,,mini_KateyFAI_Alfoil_darkrespiration,2025_08_05_13h46m30s_New pond_CH4,-0.0003,0.0000183988686,0.846901338,-0.4346182777
82,Katey,Nome,K31 ,2,2,terrestrial,50,,370,370,64.8856922,-165.2377174,,rocks,,8/5/25,13:49:26,13:51:00,0:01:34,↑,↑,,19,,mini_KateyFAI_Alfoil_darkrespiration,,0.0000,#DIV/0!,0.6809926243,0
83,Katey,Nome,K31 ,2,2,terrestrial,51,,371,371,64.88580074,-165.2377748,,equisetum,,8/5/25,13:52:30,13:54:10,0:01:40,↓,↑,,19,,mini_KateyFAI_Alfoil_darkrespiration,2025_08_05_13h52m30s_New pond_CH4,-0.0009,0.00005277949894,0.9318840092,-1.301807453
84,Katey,Nome,K31 ,2,2,terrestrial,52,,372,372,64.88595748,-165.2380258,,,,8/5/25,13:54:54,13:56:20,0:01:26,↓,↑,,19,,mini_KateyFAI_Alfoil_darkrespiration,2025_08_05_13h54m54s_New pond_CH4,-0.0012,0.00005431800352,0.9743162361,-1.599757747
85,Katey,Nome,K31 ,2,2,terrestrial,53,,373,373,64.88613267,-165.2382779,,"standing water, sedge; wet meadow upslope of willows, lots of springs in the area (filling kettle-type ponds)",,8/5/25,13:57:30,13:59:30,0:02:00,↑,↑,,19,,mini_KateyFAI_Alfoil_darkrespiration,2025_08_05_13h57m30s_New pond_CH4,0.0047,0.0002080812232,0.9909372853,6.543472609
86,Katey,Nome,K31 ,2,2,terrestrial,54,,374,374,64.88624758,-165.2383028,,"sphagnum, carex",,8/5/25,14:00:06,14:01:50,0:01:44,↑,↑,,19,,mini_KateyFAI_Alfoil_darkrespiration,2025_08_05_14h00m06s_New pond_CH4,0.0163,0.0007381103677,0.9907066382,22.57379367
87,Katey,Nome,K31 ,2,2,terrestrial,55,,375,375,64.88653458,-165.2385275,,,,8/5/25,14:02:45,14:04:45,0:02:00,↑,↑,,19,,mini_KateyFAI_Alfoil_darkrespiration,2025_08_05_14h02m45s_New pond_CH4,0.0010,0.00006704893339,0.9010444248,1.436238616
90,Katey,Nome,K31 ,,Nome,terrestrial,56,,376,376,64.88545935,-165.2430323,"Transect 3, closest to road Old Pond","impetrum, lichen",,8/5/25,15:45:35,15:47:35,0:02:00,↓,↑,,19,,mini_KateyFAI_Alfoil_darkrespiration,2025_08_05_15h45m35s_Nome_CH4,-0.0007,0.000044740404,0.8412624468,-0.9189317676
91,Katey,Nome,K31 ,1,1,terrestrial,57,,377,377,64.88524946,-165.2428454,,,,8/5/25,15:49:07,15:51:37,0:02:30,↓,↑,,19,,mini_KateyFAI_Alfoil_darkrespiration,2025_08_05_15h49m07s_Nome_CH4,-0.0005,0.00002718481131,0.9325184305,-0.7545116553
92,Katey,Nome,K31 ,1,1,terrestrial,57,didn't lift,,,,,,,,8/5/25,15:49:37,15:51:37,0:02:00,↓,↑,,19,,mini_KateyFAI_Alfoil_darkrespiration,2025_08_05_15h49m37s_Nome_CH4,-0.0006,0.0000277955087,0.9385732535,-0.777534356
93,Katey,Nome,K31 ,1,1,terrestrial,58,,378,378,64.88492316,-165.2425803,,,,8/5/25,15:52:45,15:54:45,0:02:00,↑,↑,,19,,mini_KateyFAI_Alfoil_darkrespiration,2025_08_05_15h52m45s_Nome_CH4,0.0004,0.00002812795302,0.782094895,0.5035723452
94,Katey,Nome,K31 ,1,1,terrestrial,59,,379,379,64.88471202,-165.2424077,,,,8/5/25,15:57:32,15:59:32,0:02:00,↓,↑,,19,,mini_KateyFAI_Alfoil_darkrespiration,2025_08_05_15h57m32s_Nome_CH4,,,,
97,Katey,Nome,K31 ,1,1,terrestrial,60,,380,380,64.88460506,-165.2423534,,equisetum,,8/5/25,16:11:05,16:12:20,0:01:15,↑,↑,,19,,mini_KateyFAI_Alfoil_darkrespiration,2025_08_05_16h11m05s_Nome_CH4,0.0006,0.00003684978441,0.9073719502,0.848150986
98,Katey,Nome,K31 ,1,1,terrestrial,61,,381,381,64.88446475,-165.24222,,"sedge, moss",,8/5/25,16:13:06,16:14:36,0:01:30,↑,↑,,19,,mini_KateyFAI_Alfoil_darkrespiration,2025_08_05_16h13m06s_Nome_CH4,0.0021,0.00009571654721,0.9793846735,2.869525324
99,Katey,Nome,K31 ,1,1,terrestrial,62,,382,382,64.88435151,-165.2421408,,"moss, sedge",,8/5/25,16:15:20,16:16:50,0:01:30,↑,↑,,19,,mini_KateyFAI_Alfoil_darkrespiration,2025_08_05_16h15m20s_Nome_CH4,0.0008,0.00004072312993,0.9451892607,1.114984242
100,Katey,Nome,K31 ,1,1,terrestrial,63,,383,383,64.88427457,-165.2420657,,"sedge, moss",,8/5/25,16:17:25,16:18:55,0:01:30,↑,↑,,19,,mini_KateyFAI_Alfoil_darkrespiration,2025_08_05_16h17m25s_Nome_CH4,0.0147,0.0006592446905,0.990477461,20.32849589
101,Katey,Nome,K31 ,1,1,terrestrial,64,,384,384,64.88422863,-165.2420418,,"flowing spring, sedge",,8/5/25,16:20:00,16:21:20,0:01:20,↑,↑,,19,,mini_KateyFAI_Alfoil_darkrespiration,2025_08_05_16h20m00s_Nome_CH4,0.0032,0.0001553432754,0.9694683139,4.484587473
102,Katey,Nome,K31 ,1,1,terrestrial,65,,392,392,64.88414012,-165.2419807,,,,8/5/25,16:22:17,16:23:37,0:01:20,↑,↑,,19,,mini_KateyFAI_Alfoil_darkrespiration,2025_08_05_16h22m17s_Nome_CH4,0.0014,0.00006232945844,0.9876566381,1.904262307
103,Katey,Nome,K31 ,1,1,terrestrial,66,,393,393,64.88412453,-165.2419745,,"pond edge, sedge",,8/5/25,16:24:06,16:25:36,0:01:30,↑,↑,,19,,mini_KateyFAI_Alfoil_darkrespiration,2025_08_05_16h24m06s_Nome_CH4,0.0023,0.0001056551292,0.9783197047,3.159840644
106,Katey,Nome,K31 ,1,"Pond, old dam",aquatic,1," (for plot locations, see sketch in fieldnotebook); no GPS",,,64.88412453,-165.2419745,,,,8/5/25,17:11:15,17:13:00,0:01:45,↑,↑,,19,15,white floating chamber,"2025_08_05_17h11m15s_Pond, old dam_CH4",0.0011,0.0002441212719,0.9704236069,1.548461347
107,Katey,Nome,K31 ,1,"Pond, old dam",aquatic,2,,,,,,,,,8/5/25,17:14:12,17:15:01,0:00:49,↑,↑,,19,15,white floating chamber,"2025_08_05_17h14m12s_Pond, old dam_CH4",0.0137,0.003138619741,0.818537118,19.04478443
108,Katey,Nome,K31 ,1,"Pond, old dam",aquatic,2,redo,,,,,,near inlet,,8/5/25,17:15:35,17:17:35,0:02:00,↑,↑,,19,15,white floating chamber,"2025_08_05_17h15m35s_Pond, old dam_CH4",0.0036,0.0007939609438,0.9004544397,4.9410924
109,Katey,Nome,K31 ,1,"Pond, old dam",aquatic,3,,,,,,,"by dam, b.m.",,8/5/25,17:18:56,17:20:00,0:01:04,b.m.,↑,,19,15,white floating chamber,"2025_08_05_17h18m56s_Pond, old dam_CH4",0.0036,0.0008066157612,0.8772890686,4.978531928
110,Katey,Nome,K31 ,1,"Pond, old dam",aquatic,3,,,,,,,ow by dam,,8/5/25,17:20:57,17:22:37,0:01:40,↑,,,19,,white floating chamber,"2025_08_05_17h20m57s_Pond, old dam_CH4",0.0021,0.0004587661791,0.9902500916,2.921368406
111,Katey,Nome,K31 ,1,"Pond, old dam",aquatic,3,,,,,,,"ow, 1.5m from dam",,8/5/25,17:23:30,17:25:15,0:01:45,↑,↑,,19,,white floating chamber,"2025_08_05_17h23m30s_Pond, old dam_CH4",0.0021,0.0004587147818,0.9600157601,2.905281757
112,Katey,Nome,K31 ,1,"Pond, old dam",aquatic,4,,,,,,,"1/2 way across pond, 1.5 m from dam",,8/5/25,17:27:00,17:28:20,0:01:20,↑,,,19,40,white floating chamber,"2025_08_05_17h27m00s_Pond, old dam_CH4",0.0019,0.0004172939799,0.930766934,2.633318121
113,Katey,Nome,K31 ,1,"Pond, old dam",aquatic,4,,,,,,,on dam,,8/5/25,17:29:04,17:30:04,0:01:00,↑,↑,,19,15,white floating chamber,"2025_08_05_17h29m04s_Pond, old dam_CH4",0.0041,0.0009003064533,0.9601262615,5.687768174
114,Katey,Nome,K31 ,1,"Pond, old dam",aquatic,4,,,,,,,"redo, 1/2 way across pond, 1.5 m from dam",,8/5/25,17:31:00,17:32:30,0:01:30,↑,↑,,19,40,white floating chamber,"2025_08_05_17h31m00s_Pond, old dam_CH4",0.0017,0.0003621667222,0.960760583,2.296274984
115,Katey,Nome,K31 ,1,"Pond, old dam",aquatic,5,,,,,,,"2/3 across pond, 5m from lodge",,8/5/25,17:34:10,17:35:30,0:01:20,↑,↑,,19,50,white floating chamber,"2025_08_05_17h34m10s_Pond, old dam_CH4",0.0017,0.000385260179,0.901267363,2.412566654
116,Katey,Nome,K31 ,1,"Pond, old dam",aquatic,6,,,,,,,@lodge,,8/5/25,17:36:47,17:37:47,0:01:00,↑,↑,,19,,white floating chamber,"2025_08_05_17h36m47s_Pond, old dam_CH4",0.1216,0.02664351421,0.9612544827,168.5129416
117,Katey,Nome,K31 ,1,"Pond, old dam",aquatic,6,,,,,,,"ow, 2m from lodge",,8/5/25,17:38:32,17:39:40,0:01:08,look at bubble data f-file,,,19,100,white floating chamber,"2025_08_05_17h38m32s_Pond, old dam_CH4",0.0133,0.002905757015,0.9902694978,18.49328829
118,Katey,Nome,K31 ,1,"Pond, old dam",aquatic,7,,,,,,,"3-m from lodge, far side",,8/5/25,17:42:00,17:43:00,0:01:00,maybe b.m.,,,19,40,white floating chamber,"2025_08_05_17h42m00s_Pond, old dam_CH4",0.0032,0.0007045651651,0.9171534886,4.395919081
119,Katey,Nome,K31 ,1,"Pond, old dam",aquatic,7,redo,,,,,,"3-m from lodge, far side",,8/5/25,17:44:00,17:45:09,0:01:09,↑,↑,,19,40,white floating chamber,"2025_08_05_17h44m00s_Pond, old dam_CH4",0.0487,0.01091696125,0.8739926636,67.45519521
120,Katey,Nome,K31 ,1,"Pond, old dam",aquatic,8,,,,,,,@lodge,,8/5/25,17:46:36,17:47:36,0:01:00,↑,↑,,19,10,white floating chamber,"2025_08_05_17h46m36s_Pond, old dam_CH4",0.0911,0.008990059345,0.7556599118,126.1876375
121,Katey,Nome,K31 ,1,"Pond, old dam",aquatic,9,,,,,,,10 m from far side of pond,,8/5/25,17:48:40,17:50:00,0:01:20,↑,↑,,19,20,white floating chamber,"2025_08_05_17h48m40s_Pond, old dam_CH4",0.0042,0.0009093482585,0.9692438949,5.771890326
122,Katey,Nome,K31 ,1,"Pond, old dam",aquatic,10,,,,,,,"far side of dam, pond edge",,8/5/25,17:51:15,17:52:36,0:01:21,↑,↑,,19,15,white floating chamber,"2025_08_05_17h51m15s_Pond, old dam_CH4",0.0019,0.0004203261625,0.930999936,2.649773766
123,Katey,Nome,K31 ,1,"Pond, old dam",aquatic,10,,,,,,,"ow, 75 cm from dam",,8/5/25,17:53:25,17:54:15,0:00:50,↑,↑,,19,30,white floating chamber,"2025_08_05_17h53m25s_Pond, old dam_CH4",0.0075,0.001659661742,0.9354691818,10.41134957
124,Katey,Nome,K31 ,1,"Pond, old dam",aquatic,10,redo,,,,,,"ow, 75 cm from dam",,8/5/25,17:55:22,17:56:05,0:00:43,↑,↑,,19,30,white floating chamber,,,,,
125,Katey,Nome,K31 ,1,"Pond, old dam",aquatic,10,redo,,,,,,"ow, 75 cm from dam",,8/5/25,17:57:50,17:59:00,0:01:10,↑,↑,,19,30,white floating chamber,"2025_08_05_17h57m50s_Pond, old dam_CH4",0.0036,0.0007770092882,0.9621772938,4.91996625
128,Katey,Nome,K31 ,2,"Pond, new dam",aquatic,,,394,394,64.88487127,-165.2372093,on dam,,,8/5/25,18:36:19,18:37:40,0:01:21,↑,↑,,19,10,white floating chamber,"2025_08_05_18h36m19s_Pond, new dam_CH4",0.0132,0.003040708675,0.9811136352,18.29694899
129,Katey,Nome,K31 ,2,"Pond, new dam",aquatic,,,395,395,64.8848105,-165.2371367,OW beyond last flag,,,8/5/25,18:38:55,18:39:50,0:00:55,↑,↑,,19,30,white floating chamber,"2025_08_05_18h38m55s_Pond, new dam_CH4",0.0195,0.004512282886,0.9609670636,26.98056277
130,Katey,Nome,K31 ,2,"Pond, new dam",aquatic,,,396,396,64.88473884,-165.2370811,OW 15 m from dam,,,8/5/25,18:41:41,18:43:20,0:01:39,↑,↑,,19,40,white floating chamber,"2025_08_05_18h41m41s_Pond, new dam_CH4",0.0194,0.004468714262,0.967978954,26.86514282
131,Katey,Nome,K31 ,2,"Pond, new dam",aquatic,,,397,397,64.88464211,-165.2369016,OW 20 m from dam,,,8/5/25,18:44:28,18:46:00,0:01:32,↑,↑,,19,40,white floating chamber,"2025_08_05_18h44m28s_Pond, new dam_CH4",0.0713,0.01648754673,0.9603040203,98.86670804
132,Katey,Nome,K31 ,2,"Pond, new dam",aquatic,,,398,398,64.88430575,-165.2368582,OW flooded willow area,,,8/5/25,18:49:00,18:50:00,0:01:00,↑,↑,,19,20,white floating chamber,,0.0000,#DIV/0!,0.6222019777,0
133,Katey,Nome,K31 ,2,"Pond, new dam",aquatic,,redo,398,Katey's Garmin GPS,,,OW flooded willow area,,,8/5/25,18:50:10,18:53:00,0:02:50,,,,19,20,white floating chamber,"2025_08_05_18h50m10s_Pond, new dam_CH4",0.0272,0.006425946624,0.8717981402,37.63414782
134,Katey,Nome,K31 ,2,"Pond, new dam",aquatic,,,400,400,64.88438504,-165.2369397,,,,8/5/25,18:55:44,18:57:23,0:01:39,↑,↑,,19,100,white floating chamber,"2025_08_05_18h55m44s_Pond, new dam_CH4",0.0905,0.02090682443,0.9605619904,125.4877404
135,Katey,Nome,K31 ,2,"Pond, new dam",aquatic,,,399,399,64.88419963,-165.2367881,"far margin of pond, OW, flooded willows",,,8/5/25,18:58:54,19:00:00,0:01:06,↑,↑,,19,30,white floating chamber,"2025_08_05_18h58m54s_Pond, new dam_CH4",0.0457,0.01060157075,0.9370048134,63.30523809
136,Katey,Nome,K31 ,2,"Pond, new dam",aquatic,,,399,,,,OW above dugout at beaver slide,,,8/5/25,19:00:35,19:02:15,0:01:40,↑,↑,,19,70,white floating chamber,"2025_08_05_19h00m35s_Pond, new dam_CH4",0.0482,0.01122670239,0.9306355552,66.73776073
137,Katey,Nome,K31 ,2,"Pond, new dam",aquatic,,,401,401,64.88429845,-165.2373478,"at lodge, over sticks",,,8/5/25,19:05:03,19:05:53,0:00:50,↑,↑,,19,,white floating chamber,"2025_08_05_19h05m03s_Pond, new dam_CH4",7.6674,1.832951684,0.8423378036,10625.88004
138,Katey,Nome,K31 ,2,"Pond, new dam",aquatic,,redo,401,,,,"at lodge, over sticks",,,8/5/25,19:06:24,19:07:29,0:01:05,↑,↑,,19,,white floating chamber,"2025_08_05_19h06m24s_Pond, new dam_CH4",0.0265,0.00626595742,0.8717204949,36.67346503
139,Katey,Nome,K31 ,2,"Pond, new dam",aquatic,,"redo, didn't lift",401,401,,,"at lodge, over sticks",,,8/5/25,19:07:29,19:08:00,0:00:31,↑,↑,,19,,white floating chamber,,,,,
140,Katey,Nome,K31 ,2,"Pond, new dam",aquatic,,,402,402,64.88426761,-165.2374344,1.5 or 2 m from lodge,,,8/5/25,19:08:53,19:10:15,0:01:22,↑,↑,,19,>100,white floating chamber,"2025_08_05_19h08m53s_Pond, new dam_CH4",0.0262,0.006064446123,0.9615573941,36.32309872
141,Katey,Nome,K31 ,2,"Pond, new dam",aquatic,,,403,403,64.8843863,-165.237512,on the dam,,,8/5/25,19:11:53,19:13:30,0:01:37,↑,↑,,19,15,white floating chamber,"2025_08_05_19h11m53s_Pond, new dam_CH4",0.0317,0.007356885943,0.9604587806,43.98384648
142,Katey,Nome,K31 ,2,"Pond, new dam",aquatic,,,404,404,64.88436786,-165.2375192,1/5 m from dam,,,8/5/25,19:14:02,19:15:30,0:01:28,↑,↑,,19,,white floating chamber,"2025_08_05_19h14m02s_Pond, new dam_CH4",0.0176,0.004084598407,0.9608307523,24.43564641
145,"Katey, Peter (J&A hiking to torrs)",Nome,K66,1,"K66, Transect 1, terrestrial transect leading from an old pond/dam closest to outlet of large lake with wading muskox; this beaver dam flooded a DTLB; the large lake today is either a lower water level of a former lake or a new lake formed in a DTLB (are these glacial or TK lakes, probably glacial).",terrestrial,67,,405,405,65.17963867,-164.8161419,tussock,,,8/6/25,13:54:25,13:57:25,0:03:00,,,,19,,mini_KateyFAI_Alfoil_darkrespiration,,,,,0
146,"Katey, Peter (J&A hiking to torrs)",Nome,K66,1,"K66, Transect 1, closest to large lake with wading muskox; this dam flooded an DTLB",terrestrial,68,,406,406,65.17949358,-164.8155638,"sphagnum, crowberry",,,8/6/25,14:09:32,14:11:32,0:02:00,↑,↑,,19,,mini_KateyFAI_Alfoil_darkrespiration,"2025_08_06_14h09m32s_K66, Transect 1, closest to large lake with wading muskox; this dam flooded an DTLB_CH4",0.0040,0.000202782207,0.9606173463,5.552916214
147,"Katey, Peter (J&A hiking to torrs)",Nome,K66,1,"K66, Transect 1, closest to large lake with wading muskox; this dam flooded an DTLB",terrestrial,69,,407,407,65.17936299,-164.8150277,dry lichen,,,8/6/25,14:13:32,14:15:20,0:01:48,↑,↑,,19,,mini_KateyFAI_Alfoil_darkrespiration,"2025_08_06_14h13m32s_K66, Transect 1, closest to large lake with wading muskox; this dam flooded an DTLB_CH4",0.0005,0.00004165129548,0.7601604314,0.6650255879
148,"Katey, Peter (J&A hiking to torrs)",Nome,K66,1,"K66, Transect 1, closest to large lake with wading muskox; this dam flooded an DTLB",terrestrial,70,,408,408,65.17911061,-164.8142319,"sphagnum, betula nana, ",,,8/6/25,14:17:02,14:18:00,0:00:58,spike,,,19,,mini_KateyFAI_Alfoil_darkrespiration,,0.0000,#DIV/0!,0.5712571729,0
149,"Katey, Peter (J&A hiking to torrs)",Nome,K66,1,"K66, Transect 1, closest to large lake with wading muskox; this dam flooded an DTLB",terrestrial,70,didn't lift,,,,,"sphagnum, betula nana, ",,,8/6/25,14:18:00,14:19:00,0:01:00,↓ use this,↑,,19,,mini_KateyFAI_Alfoil_darkrespiration,"2025_08_06_14h18m00s_K66, Transect 1, closest to large lake with wading muskox; this dam flooded an DTLB_CH4",-0.0015,0.000068829333,0.9825575188,-2.029833892
150,"Katey, Peter (J&A hiking to torrs)",Nome,K66,1,"K66, Transect 1, closest to large lake with wading muskox; this dam flooded an DTLB",terrestrial,70,redo,,,,,"sphagnum, betula nana, ",,,8/6/25,14:19:47,14:21:27,0:01:40,↓ use this,↑,,19,,mini_KateyFAI_Alfoil_darkrespiration,"2025_08_06_14h19m47s_K66, Transect 1, closest to large lake with wading muskox; this dam flooded an DTLB_CH4",-0.0010,0.00005125029718,0.972848549,-1.436230369
151,"Katey, Peter (J&A hiking to torrs)",Nome,K66,1,"K66, Transect 1, closest to large lake with wading muskox; this dam flooded an DTLB",terrestrial,71,,409,409,65.17884457,-164.8132444,"dry carex, moss",,,8/6/25,14:24:13,14:26:10,0:01:57,,,,19,,mini_KateyFAI_Alfoil_darkrespiration,"2025_08_06_14h24m13s_K66, Transect 1, closest to large lake with wading muskox; this dam flooded an DTLB_CH4",0.0034,0.0001920688837,0.9305749241,4.699610305
152,"Katey, Peter (J&A hiking to torrs)",Nome,K66,1,"K66, Transect 1, closest to large lake with wading muskox; this dam flooded an DTLB",terrestrial,72,,410,410,65.17872261,-164.8128118,betula nana,,,8/6/25,14:28:26,14:30:15,0:01:49,spike,,,19,,mini_KateyFAI_Alfoil_darkrespiration,"2025_08_06_14h28m26s_K66, Transect 1, closest to large lake with wading muskox; this dam flooded an DTLB_CH4",-0.0004,0.00002846585104,0.7231915546,-0.4971080287
153,"Katey, Peter (J&A hiking to torrs)",Nome,K66,1,"K66, Transect 1, closest to large lake with wading muskox; this dam flooded an DTLB",terrestrial,72,didn't lift,,,,,betula nana,,,8/6/25,14:29:00,14:30:15,0:01:15,↓ use this,↑,,19,,mini_KateyFAI_Alfoil_darkrespiration,,0.0000,#DIV/0!,0.512940064,0
154,"Katey, Peter (J&A hiking to torrs)",Nome,K66,1,"K66, Transect 1, closest to large lake with wading muskox; this dam flooded an DTLB",terrestrial,73,,411,411,65.17859923,-164.8123448,grass,,,8/6/25,14:31:50,14:33:50,0:02:00,↑,↑,,19,,mini_KateyFAI_Alfoil_darkrespiration,"2025_08_06_14h31m50s_K66, Transect 1, closest to large lake with wading muskox; this dam flooded an DTLB_CH4",0.0191,0.0009002258185,0.9625066658,26.41140139
157,"Katey, Peter (J&A hiking to torrs)",Nome,K66,1,"K66, Transect 1, closest to large lake with wading muskox; this dam flooded an DTLB",terrestrial,74,,412,412,65.17854231,-164.8120877,"moss, carex",,,8/6/25,14:41:10,14:43:10,0:02:00,↑,↑,,19,,mini_KateyFAI_Alfoil_darkrespiration,"2025_08_06_14h41m10s_K66, Transect 1, closest to large lake with wading muskox; this dam flooded an DTLB_CH4",0.0496,0.002419700019,0.9606049124,68.74668084
158,"Katey, Peter (J&A hiking to torrs)",Nome,K66,1,"K66, Transect 1, closest to large lake with wading muskox; this dam flooded an DTLB",terrestrial,75,,413,413,65.17852069,-164.812006,"camarum palustres, buckbean",,,8/6/25,14:44:40,14:46:40,0:02:00,↑,↑,,19,,mini_KateyFAI_Alfoil_darkrespiration,"2025_08_06_14h44m40s_K66, Transect 1, closest to large lake with wading muskox; this dam flooded an DTLB_CH4",0.1024,0.004897431842,0.9628437067,141.924889
161,"Katey, Peter (J&A hiking to torrs)",Nome,K66,2,"K66, Transect 2, partially drained beaver pond (where K worked while J&A, then P hiked to torrs); old dams (several dams) stick up across this partially drained pond; can see evidence of TK expansion in creek sediments and tundra (sloughing, subsidence",terrestrial,76,,414,414,65.18098765,-164.8123244,wet mud,,,8/6/25,15:04:24,15:06:24,0:02:00,↑,↑,,19,,mini_KateyFAI_Alfoil_darkrespiration,,,,,
162,"Katey, Peter (J&A hiking to torrs)",Nome,K66,2,"K66, Transect 2, partially drained beaver pond (where K worked while J&A, then P hiked to torrs)",terrestrial,77,,415,415,65.18098656,-164.8123915,"mud, old rim of pond, dead shrubs",,,8/6/25,15:07:40,15:09:40,0:02:00,↑,↑,,19,,mini_KateyFAI_Alfoil_darkrespiration,"2025_08_06_15h07m40s_K66, Transect 2, partially drained beaver pond (where K worked while J&A, then P hiked to torrs)_CH4",0.3470,0.01633896323,0.9637112154,480.9302582
163,"Katey, Peter (J&A hiking to torrs)",Nome,K66,2,"K66, Transect 2, partially drained beaver pond (where K worked while J&A, then P hiked to torrs)",terrestrial,78,,416,416,65.18100618,-164.8124741,"dry sphagnum, dead shrubs",,,8/6/25,15:11:10,15:12:40,0:01:30,↑,↑,,19,,mini_KateyFAI_Alfoil_darkrespiration,"2025_08_06_15h11m10s_K66, Transect 2, partially drained beaver pond (where K worked while J&A, then P hiked to torrs)_CH4",0.0468,0.003006849108,0.9013248162,64.84034673
164,"Katey, Peter (J&A hiking to torrs)",Nome,K66,2,"K66, Transect 2, partially drained beaver pond (where K worked while J&A, then P hiked to torrs)",terrestrial,79,,417,417,65.18104264,-164.8125896,"rubis cam., blueberry, sphagnum",,,8/6/25,15:14:11,15:16:11,0:02:00,↑,↑,,19,,mini_KateyFAI_Alfoil_darkrespiration,"2025_08_06_15h14m11s_K66, Transect 2, partially drained beaver pond (where K worked while J&A, then P hiked to torrs)_CH4",0.0016,0.00007959560624,0.9609547063,2.200765289
165,"Katey, Peter (J&A hiking to torrs)",Nome,K66,2,"K66, Transect 2, partially drained beaver pond (where K worked while J&A, then P hiked to torrs)",terrestrial,80,,418,418,65.18106896,-164.8127317,"rubis cam., blueberry, sphagnum (edge of this type of vegetation before tussocks start upslope)",,,8/6/25,15:18:03,15:20:13,0:02:10,↑,↑,,19,,mini_KateyFAI_Alfoil_darkrespiration,"2025_08_06_15h18m03s_K66, Transect 2, partially drained beaver pond (where K worked while J&A, then P hiked to torrs)_CH4",-0.0020,0.00009829085624,0.9359491998,-2.762209689
166,"Katey, Peter (J&A hiking to torrs)",Nome,K66,2,"K66, Transect 2, partially drained beaver pond (where K worked while J&A, then P hiked to torrs)",terrestrial,81,,419,419,65.18112897,-164.8129561,tussock,,,8/6/25,15:21:43,15:23:11,0:01:28,↑,↑,,19,,mini_KateyFAI_Alfoil_darkrespiration,"2025_08_06_15h21m43s_K66, Transect 2, partially drained beaver pond (where K worked while J&A, then P hiked to torrs)_CH4",0.0016,0.0001047411549,0.8733434414,2.211008225
167,"Katey, Peter (J&A hiking to torrs)",Nome,K66,2,"K66, Transect 2, partially drained beaver pond (where K worked while J&A, then P hiked to torrs)",terrestrial,82,,420,420,65.18127523,-164.8134672,tussock (paired -1),,,8/6/25,15:24:45,15:26:30,0:01:45,↑,↑,,19,,mini_KateyFAI_Alfoil_darkrespiration,"2025_08_06_15h24m45s_K66, Transect 2, partially drained beaver pond (where K worked while J&A, then P hiked to torrs)_CH4",0.0021,0.0001208700043,0.9317226715,2.856993717
168,"Katey, Peter (J&A hiking to torrs)",Nome,K66,2,"K66, Transect 2, partially drained beaver pond (where K worked while J&A, then P hiked to torrs)",terrestrial,83,,421,421,65.18128848,-164.8134805,"sphagnum between tussocks, 1-m away (paired-1)",,,8/6/25,15:27:15,15:29:43,0:02:28,↑,↑,,19,,mini_KateyFAI_Alfoil_darkrespiration,"2025_08_06_15h27m15s_K66, Transect 2, partially drained beaver pond (where K worked while J&A, then P hiked to torrs)_CH4",0.0020,0.0001134733952,0.9017686531,2.717527457
169,"Katey, Peter (J&A hiking to torrs)",Nome,K66,2,"K66, Transect 2, partially drained beaver pond (where K worked while J&A, then P hiked to torrs)",terrestrial,84,,422,422,65.18156483,-164.8144741,tussock (paired -2),,,8/6/25,15:31:48,15:33:35,0:01:47,↑,↑,,19,,mini_KateyFAI_Alfoil_darkrespiration,"2025_08_06_15h31m48s_K66, Transect 2, partially drained beaver pond (where K worked while J&A, then P hiked to torrs)_CH4",0.0139,0.0007922811994,0.9372068217,19.27333572
170,"Katey, Peter (J&A hiking to torrs)",Nome,K66,2,"K66, Transect 2, partially drained beaver pond (where K worked while J&A, then P hiked to torrs)",terrestrial,85,,423,423,65.18158067,-164.8145226,sphagnum  between tussocks1-m away (paired-2),,,8/6/25,15:34:08,15:35:48,0:01:40,↑,↑,,19,,mini_KateyFAI_Alfoil_darkrespiration,"2025_08_06_15h34m08s_K66, Transect 2, partially drained beaver pond (where K worked while J&A, then P hiked to torrs)_CH4",0.0009,0.0000630133773,0.8791604001,1.241153598
171,"Katey, Peter (J&A hiking to torrs)",Nome,K66,2,"K66, Transect 2, partially drained beaver pond (where K worked while J&A, then P hiked to torrs)",terrestrial,86,,424,424,65.18177287,-164.8152385,tussock,,,8/6/25,15:38:45,15:39:50,0:01:05,↑,↑,,19,,mini_KateyFAI_Alfoil_darkrespiration,"2025_08_06_15h38m45s_K66, Transect 2, partially drained beaver pond (where K worked while J&A, then P hiked to torrs)_CH4",0.0148,0.0008175435774,0.9309913768,20.45874161
172,"Katey, Peter (J&A hiking to torrs)",Nome,K66,2,"K66, Transect 2, partially drained beaver pond (where K worked while J&A, then P hiked to torrs)",terrestrial,87,,425,425,65.18191645,-164.8158572,tussock (paired -3),,,8/6/25,15:41:36,15:42:50,0:01:14,,,,19,,mini_KateyFAI_Alfoil_darkrespiration,"2025_08_06_15h41m36s_K66, Transect 2, partially drained beaver pond (where K worked while J&A, then P hiked to torrs)_CH4",0.0033,0.0001860882639,0.9427106375,4.603744769
173,"Katey, Peter (J&A hiking to torrs)",Nome,K66,2,"K66, Transect 2, partially drained beaver pond (where K worked while J&A, then P hiked to torrs)",terrestrial,88,,426,426,65.181925,-164.8158214,"sphagnum between tussocks, 1-m away (paired-3)",,,8/6/25,15:43:10,15:44:43,0:01:33,,,,19,,mini_KateyFAI_Alfoil_darkrespiration,"2025_08_06_15h43m10s_K66, Transect 2, partially drained beaver pond (where K worked while J&A, then P hiked to torrs)_CH4",0.0139,0.0008079296988,0.9019936953,19.30051345
174,"Katey, Peter (J&A hiking to torrs)",Nome,K66,2,"K66, Transect 2, partially drained beaver pond (where K worked while J&A, then P hiked to torrs)",terrestrial,87,redo,,,,,tussock (paired -3),,,8/6/25,15:45:18,15:47:00,0:01:42,,,,19,,mini_KateyFAI_Alfoil_darkrespiration,"2025_08_06_15h45m18s_K66, Transect 2, partially drained beaver pond (where K worked while J&A, then P hiked to torrs)_CH4",0.0036,0.000274990766,0.8135480426,4.950982908
177,Katey (J&A&P hiking to torrs),Nome,K66,2,"K66, Transect 2 partially drained old pond, floating chamber (had to place floating chamber of my bubble traps b/c there was so much bubbling going on in the pond it was hard to get a diffusive flux measurement otherwise)",aquatic,427,,427,427,65.18087911,-164.8120748,"OW, working from exposed dams not from packraft",,,8/6/25,18:08:50,18:10:04,0:01:14,bubble,,,21,50,white floating chamber,,,,,
178,Katey (J&A&P hiking to torrs),Nome,K66,2,"K66, Transect 2 partially drained old pond",aquatic,428,,428,428,65.18086938,-164.8121863,"OW, over bubble trap",,,8/6/25,18:10:50,18:11:50,0:01:00,,,,21,,white floating chamber,"2025_08_06_18h10m50s_K66, Transect 2 partially drained old pond_CH4",0.0826,0.01838542754,0.9012220201,114.4422236
179,Katey (J&A&P hiking to torrs),Nome,K66,2,"K66, Transect 2 partially drained old pond",aquatic,428,,428,,,,"didn't lift, OW, over bubble trap",,,8/6/25,18:10:50,18:12:12,0:01:22,,,,21,,white floating chamber,"2025_08_06_18h10m50s_K66, Transect 2 partially drained old pond_CH4",0.1408,0.03104476808,0.9024307308,195.1468576
180,Katey (J&A&P hiking to torrs),Nome,K66,2,"K66, Transect 2 partially drained old pond",aquatic,428,,428,Katey's Garmin GPS,,,"didn't lift, OW, over bubble trap",,,8/6/25,18:10:50,18:14:16,0:03:26,,,,21,,white floating chamber,"2025_08_06_18h10m50s_K66, Transect 2 partially drained old pond_CH4",0.1204,0.02640997153,0.9145897458,166.8494346
181,Katey (J&A&P hiking to torrs),Nome,K66,2,"K66, Transect 2 partially drained old pond",aquatic,428,,428,,,,"reset, over bubble trap",,,8/6/25,18:15:20,18:16:10,0:00:50,good,,,21,,white floating chamber,"2025_08_06_18h15m20s_K66, Transect 2 partially drained old pond_CH4",0.0960,0.02209051578,0.786797752,132.9766466
182,Katey (J&A&P hiking to torrs),Nome,K66,2,"K66, Transect 2 partially drained old pond",aquatic,428,,428,,,,"reset, over bubble trap",,,8/6/25,18:17:45,18:20:45,0:03:00,↑,↑,,21,50,white floating chamber,"2025_08_06_18h17m45s_K66, Transect 2 partially drained old pond_CH4",0.0405,0.008865407699,0.9602001596,56.1763503
183,Katey (J&A&P hiking to torrs),Nome,K66,2,"K66, Transect 2 partially drained old pond",aquatic,428,,428,,,,"reset, over bubble trap",,,8/6/25,18:23:00,18:24:40,0:01:40,↑,↑,,21,40,white floating chamber,"2025_08_06_18h23m00s_K66, Transect 2 partially drained old pond_CH4",0.0646,0.01409892313,0.9631746343,89.51847194
184,Katey (J&A&P hiking to torrs),Nome,K66,2,"K66, Transect 2 partially drained old pond",aquatic,429,,429,429,65.18084616,-164.8124648,"OW, floating potamageton",,,8/6/25,18:30:00,18:32:00,0:02:00,↑,--,,21,40,white floating chamber,"2025_08_06_18h30m00s_K66, Transect 2 partially drained old pond_CH4",0.0320,0.006995145929,0.9622670021,44.40267646
185,Katey (J&A&P hiking to torrs),Nome,K66,2,"K66, Transect 2 partially drained old pond",aquatic,430,,430,430,65.18088313,-164.8125002,OW over bubble trap,,,8/6/25,18:35:10,18:36:45,0:01:35,↑,↑,,21,,white floating chamber,"2025_08_06_18h35m10s_K66, Transect 2 partially drained old pond_CH4",0.1197,0.0268654664,0.8703579898,165.9383388
186,Katey (J&A&P hiking to torrs),Nome,K66,2,"K66, Transect 2 partially drained old pond",aquatic,430,redo,430,,,,"redo, OW over bubble trap",,,8/6/25,18:38:10,18:39:10,0:01:00,↑,↑,,21,,white floating chamber,"2025_08_06_18h38m10s_K66, Transect 2 partially drained old pond_CH4",0.1779,0.03929629541,0.933439232,246.555803
187,Katey (J&A&P hiking to torrs),Nome,K66,2,"K66, Transect 2 partially drained old pond",aquatic,430,redo,430,,,,"redo, OW over bubble trap",,,8/6/25,18:40:10,18:41:05,0:00:55,↑,↑,,21,,white floating chamber,"2025_08_06_18h40m10s_K66, Transect 2 partially drained old pond_CH4",0.2032,0.04566678703,0.8774485577,281.6668924
188,Katey (J&A&P hiking to torrs),Nome,K66,2,"K66, Transect 2 partially drained old pond",aquatic,431,,431,wrong? Maybe didn't actually take waypoint? 431 appears on next site.,65.18657385,-164.8075822,OW over bubble trap,,,8/6/25,18:44:00,18:45:40,0:01:40,,,,21,30,white floating chamber,,,,,
189,Katey (J&A&P hiking to torrs),Nome,K66,2,"K66, Transect 2 partially drained old pond",aquatic,431,redo,431,,,,"redo, OW over bubble trap",,,8/6/25,18:46:28,18:47:48,0:01:20,↑,↑,,21,30,white floating chamber,"2025_08_06_18h46m28s_K66, Transect 2 partially drained old pond_CH4",0.0429,0.009383717528,0.9603319621,59.41614282
192,"Katey, Mike and June Loranty",Nome,K66,0,"K66, Transect 3/4 Controls (no beaver); these point in the creek and near it, are shared by Transect 3 (probably natural TK, no beaver) and Transect 4 (no TK, no beavers)",aquatic,,creek by 89,,,,,"creek, OW floating chamber, under thick willows, incised channel, hard to get to this spot due to thick willows; creek channel seems to be <1m wide",,,8/7/25,16:31:13,16:33:13,0:02:00,↑,↑,,21,,white floating chamber,katey manually entered data from Anaconda output (error writing to file),0.0226,0.004449434385,0.9662,31.31668285
193,"Katey, Mike and June Loranty",Nome,K66,4,"K66, Transect 3/4 (we think natural, non-beaver TK) in tundra. There are numerous TK features running perpendicular the creek; this short transect is one of them",aquatic,89,,431,431,65.18657385,-164.8075822,"under willows on liverwort, still using floating chamber, no H2O",,,8/7/25,16:34:06,16:35:00,0:00:54,↑,↑,,21,,white floating chamber,katey manually entered data from Anaconda output (error writing to file),0.0040,0.0003163838343,0.8494,5.475171812
194,"Katey, Mike and June Loranty",Nome,K66,4,"K66, Transect 3/4 (we think natural, non-beaver TK) in tundra. There are numerous TK features running perpendicular the creek; this short transect is one of them",terrestrial,89,,432,432,65.18657913,-164.8076812,"mud, liverwort, below tall dense willows, grass (repeating similar location but with mini chamber)",,,8/7/25,16:39:03,16:40:53,0:01:50,↑,↑,,21,,mini_KateyFAI_Alfoil_darkrespiration,katey manually entered data from Anaconda output (error writing to file),0.0108,0.0005385660676,0.9602,14.98813791
195,"Katey, Mike and June Loranty",Nome,K66,4,"K66, maybe just T4 now?",terrestrial,90,,433,433,65.18656807,-164.8076051,,,,8/7/25,16:41:43,16:42:35,0:00:52,"false spike, ↑",↑,,21,,mini_KateyFAI_Alfoil_darkrespiration,katey manually entered data from Anaconda output (error writing to file),0.0045,0.0004444829091,0.7504,6.245057461
196,"Katey, Mike and June Loranty",Nome,K66,4,"K66, T3?",terrestrial,91,,434,434,65.18659632,-164.8076709,liverwort,,,8/7/25,16:44:50,16:46:30,0:01:40,↓,↑,,21,,mini_KateyFAI_Alfoil_darkrespiration,katey manually entered data from Anaconda output (error writing to file),-0.0019,0.00009601721182,0.9611,-2.587238091
197,"Katey, Mike and June Loranty",Nome,K66,4,"K66, T3?",terrestrial,90,redo,,Mike Loranty's Gaia GPS,,,,,,8/7/25,16:47:50,16:49:50,0:02:00,↓,↑,,21,,mini_KateyFAI_Alfoil_darkrespiration,katey manually entered data from Anaconda output (error writing to file),-0.0005,0.00002579762044,0.9558,-0.7137208527
198,"Katey, Mike and June Loranty",Nome,K66,4,"K66, T3?",terrestrial,92,,,Mike Loranty's Gaia GPS,,,"grass, blueberries, liverwort",,,8/7/25,16:52:00,16:53:10,0:01:10,↓,↑,,21,,mini_KateyFAI_Alfoil_darkrespiration,katey manually entered data from Anaconda output (error writing to file),-0.0008,0.00004853555518,0.9048,-1.159796386
201,"Katey, Mike and June Loranty",Nome,K66,3,"K66, Transect 4 (control no beavers, no natural TK subsidence)",terrestrial,93,,,Mike Loranty's Gaia GPS,,,"near creek, grass under tall willows",,,8/7/25,16:55:57,16:57:40,0:01:43,↓,↑,,21,,mini_KateyFAI_Alfoil_darkrespiration,"2025_08_07_16h55m57s_K66, Transect 4 (control no beavers, no natural TK subsidence)_CH4",-0.0012,0.00006344621887,0.9308802212,-1.636367076
202,"Katey, Mike and June Loranty",Nome,K66,3,"K66, Transect 4 (control no beavers, no natural TK subsidence)",terrestrial,94,,,Mike Loranty's Gaia GPS,,,"grass, dry sphagnum, shrubs",,,8/7/25,16:59:07,17:01:37,0:02:30,↓,↑,,21,,mini_KateyFAI_Alfoil_darkrespiration,"2025_08_07_16h59m07s_K66, Transect 4 (control no beavers, no natural TK subsidence)_CH4",-0.0018,0.0000791566987,0.9905495547,-2.468582543
203,"Katey, Mike and June Loranty",Nome,K66,3,"K66, Transect 4 (control no beavers, no natural TK subsidence)",terrestrial,95,,,Mike Loranty's Gaia GPS,,,"grass, betula nana",,,8/7/25,17:03:00,17:05:15,0:02:15,↓,↑,,21,,mini_KateyFAI_Alfoil_darkrespiration,"2025_08_07_17h03m00s_K66, Transect 4 (control no beavers, no natural TK subsidence)_CH4",-0.0002,0.00001379198041,0.857985642,-0.3409568828
204,"Katey, Mike and June Loranty",Nome,K66,3,"K66, Transect 4 (control no beavers, no natural TK subsidence)",terrestrial,96,,,Mike Loranty's Gaia GPS,,,sphagnum,,,8/7/25,17:06:42,17:08:22,0:01:40,↓,↑,,21,,mini_KateyFAI_Alfoil_darkrespiration,"2025_08_07_17h06m42s_K66, Transect 4 (control no beavers, no natural TK subsidence)_CH4",-0.0007,0.00003607461988,0.9341739808,-0.9745918103
205,"Katey, Mike and June Loranty",Nome,K66,3,"K66, Transect 4 (control no beavers, no natural TK subsidence)",terrestrial,97,,,Mike Loranty's Gaia GPS,,,"moss, betulta nana",,,8/7/25,17:09:00,17:10:30,0:01:30,↓,↑,,21,,mini_KateyFAI_Alfoil_darkrespiration,"2025_08_07_17h09m00s_K66, Transect 4 (control no beavers, no natural TK subsidence)_CH4",-0.0003,0.00002193294045,0.7951943528,-0.4379718579
206,"Katey, Mike and June Loranty",Nome,K66,3,"K66, Transect 4 (control no beavers, no natural TK subsidence)",terrestrial,98,,,Mike Loranty's Gaia GPS,,,tussock,,,8/7/25,17:11:20,17:12:40,0:01:20,↑,↑,,21,,mini_KateyFAI_Alfoil_darkrespiration,"2025_08_07_17h11m20s_K66, Transect 4 (control no beavers, no natural TK subsidence)_CH4",0.0007,0.00004962513448,0.8805610348,0.9715480191
207,"Katey, Mike and June Loranty",Nome,K66,3,"K66, Transect 4 (control no beavers, no natural TK subsidence)",terrestrial,99,,,Mike Loranty's Gaia GPS,,,tussock,,,8/7/25,17:14:00,17:15:40,0:01:40,↑,↑,,21,,mini_KateyFAI_Alfoil_darkrespiration,"2025_08_07_17h14m00s_K66, Transect 4 (control no beavers, no natural TK subsidence)_CH4",0.0006,0.0000390853185,0.9021657357,0.8581874179
208,"Katey, Mike and June Loranty",Nome,K66,3,"K66, Transect 4 (control no beavers, no natural TK subsidence)",terrestrial,100,,,Mike Loranty's Gaia GPS,,,"moss, blueberries",,,8/7/25,17:17:00,17:18:32,0:01:32,--,,,21,,mini_KateyFAI_Alfoil_darkrespiration,,0.0000,#DIV/0!,0.6404110093,0
209,"Katey, Mike and June Loranty",Nome,K66,3,"K66, Transect 4 (control no beavers, no natural TK subsidence)",terrestrial,101,,,Mike Loranty's Gaia GPS,,,tussock,,,8/7/25,17:19:31,17:23:15,0:03:44,↑,,,21,,mini_KateyFAI_Alfoil_darkrespiration,"2025_08_07_17h19m31s_K66, Transect 4 (control no beavers, no natural TK subsidence)_CH4",0.0008,0.00005756013077,0.8706304565,1.123001102
210,"Katey, Mike and June Loranty",Nome,K66,3,"K66, Transect 4 (control no beavers, no natural TK subsidence)",terrestrial,101,,,Mike Loranty's Gaia GPS,,,"didn't lift, tussock",,,8/7/25,17:22:30,17:23:15,0:00:45,↑,,,21,,mini_KateyFAI_Alfoil_darkrespiration,,,,,
211,"Katey, Mike and June Loranty",Nome,K66,3,"K66, Transect 4 (control no beavers, no natural TK subsidence)",terrestrial,102,,,Mike Loranty's Gaia GPS,,,tussock,,,8/7/25,17:24:30,17:25:20,0:00:50,↑,,,21,,mini_KateyFAI_Alfoil_darkrespiration,"2025_08_07_17h24m30s_K66, Transect 4 (control no beavers, no natural TK subsidence)_CH4",0.0023,0.0001359408761,0.9315998946,3.236700931
212,"Katey, Mike and June Loranty",Nome,K66,3,"K66, Transect 4 (control no beavers, no natural TK subsidence)",terrestrial,103,,,Mike Loranty's Gaia GPS,,,tussock (paired-1),,,8/7/25,17:27:16,17:29:16,0:02:00,↑,↑,,21,,mini_KateyFAI_Alfoil_darkrespiration,"2025_08_07_17h27m16s_K66, Transect 4 (control no beavers, no natural TK subsidence)_CH4",0.0006,0.0000273647325,0.9497049075,0.8059736737
213,"Katey, Mike and June Loranty",Nome,K66,3,"K66, Transect 4 (control no beavers, no natural TK subsidence)",terrestrial,104,,,Mike Loranty's Gaia GPS,,,"ledum, sphagnum, lichen (paired-1)",,,8/7/25,17:29:50,17:31:15,0:01:25,↓,↑,,21,,mini_KateyFAI_Alfoil_darkrespiration,"2025_08_07_17h29m50s_K66, Transect 4 (control no beavers, no natural TK subsidence)_CH4",0.0012,0.0001155901586,0.7303479693,1.611206161
214,"Katey, Mike and June Loranty",Nome,K66,3,"K66, Transect 4 (control no beavers, no natural TK subsidence)",terrestrial,105,,,Mike Loranty's Gaia GPS,,,tussock,,,8/7/25,17:32:55,17:33:40,0:00:45,,,,21,,mini_KateyFAI_Alfoil_darkrespiration,,,,,
215,"Katey, Mike and June Loranty",Nome,K66,3,"K66, Transect 4 (control no beavers, no natural TK subsidence)",terrestrial,105,,,Mike Loranty's Gaia GPS,,,tussock,,,8/7/25,17:32:55,17:35:00,0:02:05,,,,21,,mini_KateyFAI_Alfoil_darkrespiration,"2025_08_07_17h32m55s_K66, Transect 4 (control no beavers, no natural TK subsidence)_CH4",0.0084,0.0007511180327,0.7815740929,11.70716923
216,"Katey, Mike and June Loranty",Nome,K66,3,"K66, Transect 4 (control no beavers, no natural TK subsidence)",terrestrial,105,redo,,Mike Loranty's Gaia GPS,,,"redo, tussock",,,8/7/25,17:35:15,17:38:15,0:03:00,--,--,,21,,mini_KateyFAI_Alfoil_darkrespiration,"2025_08_07_17h35m15s_K66, Transect 4 (control no beavers, no natural TK subsidence)_CH4",-0.0012,0.00008736632554,0.8184717036,-1.639094306
217,"Katey, Mike and June Loranty",Nome,K66,4,"K66, T3",terrestrial,106,,,Mike Loranty's Gaia GPS,,,sphagnum (higher elevation in natural TK feature),,,8/7/25,17:41:20,17:43:00,0:01:40,↑,↑,,21,,mini_KateyFAI_Alfoil_darkrespiration,"2025_08_07_17h41m20s_K66, T3_CH4",0.0011,0.00006739275236,0.9306907513,1.584563816